class, ncloc, cloc, dc, testMethodsLoc, numberOfMethods, numberOfTestMethods, numberOfFunctionalMethods, rfc, wmc, gitFileAge, gitTotCommits
org.jfree.chart.labels.StandardXYSeriesLabelGeneratorTest, 42, 78, 0.65, 40, 6, 6, 0, 11, 6, January/3/2022/6:42, 10
org.jfree.chart.labels.StandardPieToolTipGeneratorTest, 48, 80, 0.625, 46, 5, 5, 0, 12, 5, January/3/2022/6:42, 9
org.jfree.chart.axis.NumberTickUnitTest, 32, 59, 0.6483516483516484, 30, 4, 4, 0, 5, 4, January/3/2022/6:42, 6
org.jfree.chart.axis.StandardTickUnitSourceTest, 12, 51, 0.8095238095238095, 10, 2, 2, 0, 2, 2, January/3/2022/6:42, 7
org.jfree.chart.labels.StandardCategoryItemLabelGeneratorTest, 60, 97, 0.6178343949044586, 58, 7, 7, 0, 15, 7, January/3/2022/6:42, 10
org.jfree.chart.entity.StandardEntityCollectionTest, 33, 67, 0.67, 31, 3, 3, 0, 9, 3, January/3/2022/6:42, 8
org.jfree.chart.axis.CategoryLabelWidthTypeTest, 20, 56, 0.7368421052631579, 18, 3, 3, 0, 4, 3, January/3/2022/6:42, 6
org.jfree.chart.renderer.OutlierTest, 35, 63, 0.6428571428571429, 32, 4, 4, 0, 8, 4, January/3/2022/6:42, 4
org.jfree.chart.plot.compass.WindNeedleTest, 20, 55, 0.7333333333333333, 18, 3, 3, 0, 6, 3, January/3/2022/6:42, 3
org.jfree.chart.entity.FlowEntityTest, 36, 58, 0.6170212765957447, 34, 3, 3, 0, 7, 3, January/3/2022/6:42, 3
org.jfree.data.function.LineFunction2DTest, 27, 60, 0.6896551724137931, 24, 4, 4, 0, 6, 4, January/1/2022/2:44, 5
org.jfree.data.flow.NodeKeyTest, 28, 56, 0.6666666666666666, 26, 3, 3, 0, 7, 3, January/3/2022/6:42, 3
org.jfree.chart.block.FlowArrangementTest, 33, 67, 0.67, 31, 3, 3, 0, 4, 3, January/3/2022/6:42, 8
org.jfree.data.xy.YIntervalTest, 28, 54, 0.6585365853658537, 26, 3, 3, 0, 4, 3, January/3/2022/6:42, 6
org.jfree.chart.axis.CategoryLabelPositionsTest, 38, 123, 0.7639751552795031, 34, 3, 3, 0, 5, 3, January/3/2022/6:42, 8
org.jfree.data.general.DefaultKeyedValueDatasetTest, 35, 62, 0.6391752577319587, 33, 4, 4, 0, 8, 4, January/3/2022/6:42, 8
org.jfree.data.RangeTypeTest, 29, 54, 0.6506024096385542, 27, 3, 3, 0, 5, 3, January/3/2022/6:42, 6
org.jfree.data.xy.OHLCDataItemTest, 17, 57, 0.7702702702702703, 15, 3, 3, 0, 3, 3, January/3/2022/6:42, 6
org.jfree.chart.renderer.category.GradientBarPainterTest, 37, 60, 0.6185567010309279, 35, 4, 4, 0, 5, 4, January/3/2022/6:42, 9
org.jfree.chart.plot.compass.LineNeedleTest, 20, 55, 0.7333333333333333, 18, 3, 3, 0, 6, 3, January/3/2022/6:42, 3
org.jfree.data.time.TimePeriodValueTest, 24, 57, 0.7037037037037037, 22, 4, 4, 0, 6, 4, January/3/2022/6:42, 6
org.jfree.chart.internal.HashUtilsTest, 12, 45, 0.7894736842105263, 10, 1, 1, 0, 3, 1, January/3/2022/6:42, 3
org.jfree.chart.swing.CrosshairOverlayTest, 26, 61, 0.7011494252873564, 24, 3, 3, 0, 9, 3, January/3/2022/6:42, 4
org.jfree.chart.labels.CustomXYItemLabelGeneratorTest, 28, 59, 0.6781609195402298, 26, 3, 3, 0, 9, 3, January/3/2022/6:42, 10
org.jfree.chart.axis.DateTickMarkPositionTest, 24, 54, 0.6923076923076923, 22, 3, 3, 0, 5, 3, January/3/2022/6:42, 6
org.jfree.chart.renderer.category.StandardBarPainterTest, 25, 62, 0.7126436781609196, 23, 4, 4, 0, 4, 4, January/3/2022/6:42, 9
org.jfree.chart.labels.HighLowItemLabelGeneratorTest, 38, 71, 0.6513761467889908, 36, 5, 5, 0, 10, 5, January/3/2022/6:42, 9
org.jfree.chart.annotations.CategoryTextAnnotationTest, 43, 74, 0.6324786324786325, 41, 5, 5, 0, 12, 5, January/3/2022/6:42, 8
org.jfree.chart.block.BlockContainerTest, 30, 55, 0.6470588235294118, 28, 3, 3, 0, 9, 3, January/3/2022/6:42, 7
org.jfree.chart.renderer.category.CategoryStepRendererTest, 45, 74, 0.6218487394957983, 43, 5, 5, 0, 15, 5, January/3/2022/6:42, 13
org.jfree.chart.labels.BoxAndWhiskerXYToolTipGeneratorTest, 45, 86, 0.6564885496183206, 43, 5, 5, 0, 9, 5, January/3/2022/6:42, 8
org.jfree.chart.renderer.category.DefaultCategoryItemRendererTest, 33, 64, 0.6597938144329897, 31, 5, 5, 0, 9, 5, January/3/2022/6:42, 10
org.jfree.chart.plot.compass.MiddlePinNeedleTest, 20, 55, 0.7333333333333333, 18, 3, 3, 0, 6, 3, January/3/2022/6:42, 3
org.jfree.chart.labels.StandardCategoryToolTipGeneratorTest, 47, 89, 0.6544117647058824, 45, 6, 6, 0, 10, 6, January/3/2022/6:42, 9
org.jfree.chart.renderer.xy.GradientXYBarPainterTest, 37, 60, 0.6185567010309279, 35, 4, 4, 0, 5, 4, January/3/2022/6:42, 8
org.jfree.data.xy.DefaultHighLowDatasetTest, 52, 109, 0.6770186335403726, 50, 4, 4, 0, 8, 4, January/3/2022/6:42, 9
org.jfree.data.KeyedObjectTest, 42, 65, 0.6074766355140186, 40, 4, 4, 0, 8, 4, January/3/2022/6:42, 10
org.jfree.chart.urls.StandardXYURLGeneratorTest, 11, 53, 0.828125, 9, 2, 2, 0, 3, 2, January/1/2022/2:44, 7
org.jfree.data.function.PowerFunction2DTest, 27, 59, 0.686046511627907, 24, 4, 4, 0, 6, 4, January/3/2022/6:42, 6
org.jfree.chart.plot.compass.PlumNeedleTest, 20, 55, 0.7333333333333333, 18, 3, 3, 0, 6, 3, January/3/2022/6:42, 3
org.jfree.data.statistics.HistogramBinTest, 25, 55, 0.6875, 23, 3, 3, 0, 6, 3, January/3/2022/6:42, 7
org.jfree.chart.plot.compass.LongNeedleTest, 20, 55, 0.7333333333333333, 18, 3, 3, 0, 6, 3, January/3/2022/6:42, 3
org.jfree.data.xy.XYDataItemTest, 24, 55, 0.6962025316455697, 22, 3, 3, 0, 8, 3, January/3/2022/6:42, 7
org.jfree.chart.urls.TimeSeriesURLGeneratorTest, 43, 73, 0.6293103448275862, 41, 4, 4, 0, 8, 4, January/3/2022/6:42, 9
org.jfree.chart.annotations.XYShapeAnnotationTest, 52, 105, 0.6687898089171974, 50, 5, 5, 0, 9, 5, January/3/2022/6:42, 9
org.jfree.data.flow.DefaultFlowDatasetTest, 46, 70, 0.603448275862069, 44, 6, 6, 0, 11, 6, January/3/2022/6:42, 3
org.jfree.chart.renderer.category.WaterfallBarRendererTest, 58, 114, 0.6627906976744186, 56, 6, 6, 0, 16, 6, January/3/2022/6:42, 11
org.jfree.chart.labels.ItemLabelPositionTest, 12, 55, 0.8208955223880597, 10, 2, 2, 0, 2, 2, January/1/2022/2:44, 5
org.jfree.chart.axis.DateTickUnitTest, 20, 55, 0.7333333333333333, 18, 3, 3, 0, 3, 3, January/3/2022/6:42, 7
org.jfree.data.time.TimePeriodAnchorTest, 12, 50, 0.8064516129032258, 10, 2, 2, 0, 3, 2, January/3/2022/6:42, 6
org.jfree.chart.plot.compass.PinNeedleTest, 20, 55, 0.7333333333333333, 18, 3, 3, 0, 6, 3, January/3/2022/6:42, 3
org.jfree.chart.block.RectangleConstraintTest, 42, 76, 0.6440677966101694, 39, 1, 1, 0, 2, 1, January/1/2022/2:44, 5
org.jfree.chart.plot.compass.ArrowNeedleTest, 24, 55, 0.6962025316455697, 22, 3, 3, 0, 7, 3, January/3/2022/6:42, 3
org.jfree.data.DomainOrderTest, 29, 54, 0.6506024096385542, 27, 3, 3, 0, 5, 3, January/3/2022/6:42, 6
org.jfree.data.function.NormalDistributionFunction2DTest, 27, 66, 0.7096774193548387, 24, 4, 4, 0, 6, 4, January/1/2022/2:44, 5
org.jfree.chart.imagemap.StandardToolTipTagFragmentGeneratorTest, 7, 52, 0.8813559322033898, 5, 1, 1, 0, 2, 1, January/1/2022/2:44, 3
org.jfree.data.time.TimeSeriesDataItemTest, 21, 64, 0.7529411764705882, 19, 3, 3, 0, 4, 3, January/3/2022/6:42, 7
org.jfree.chart.plot.compass.ShipNeedleTest, 20, 55, 0.7333333333333333, 18, 3, 3, 0, 6, 3, January/3/2022/6:42, 3
org.jfree.chart.plot.compass.PointerNeedleTest, 20, 55, 0.7333333333333333, 18, 3, 3, 0, 6, 3, January/3/2022/6:42, 3
org.jfree.chart.block.LineBorderTest, 29, 68, 0.7010309278350515, 27, 3, 3, 0, 4, 3, January/3/2022/6:42, 9
org.jfree.data.xy.YWithXIntervalTest, 28, 54, 0.6585365853658537, 26, 3, 3, 0, 4, 3, January/3/2022/6:42, 6
org.jfree.chart.labels.MultipleXYSeriesLabelGeneratorTest, 45, 68, 0.6017699115044248, 43, 5, 5, 0, 10, 5, January/3/2022/6:42, 9
org.jfree.chart.urls.CustomPieURLGeneratorTest, 39, 64, 0.6213592233009708, 37, 4, 4, 0, 10, 4, January/3/2022/6:42, 10
org.jfree.chart.labels.StandardFlowLabelGeneratorTest, 13, 51, 0.796875, 11, 2, 2, 0, 2, 2, January/3/2022/6:42, 3
org.jfree.data.flow.FlowKeyTest, 28, 54, 0.6585365853658537, 26, 3, 3, 0, 7, 3, January/3/2022/6:42, 3
org.jfree.chart.labels.StandardPieSectionLabelGeneratorTest, 51, 86, 0.6277372262773723, 49, 5, 5, 0, 11, 5, January/3/2022/6:42, 9
org.jfree.data.statistics.BoxAndWhiskerItemTest, 13, 55, 0.8088235294117647, 11, 2, 2, 0, 2, 2, January/3/2022/6:42, 7
org.jfree.chart.imagemap.OverLIBToolTipTagFragmentGeneratorTest, 7, 54, 0.8852459016393442, 5, 1, 1, 0, 2, 1, January/1/2022/2:44, 3
org.jfree.chart.axis.ModuloAxisTest, 31, 59, 0.6555555555555556, 29, 4, 4, 0, 9, 4, January/3/2022/6:42, 6
org.jfree.data.xy.XYCoordinateTest, 33, 59, 0.6413043478260869, 31, 4, 4, 0, 5, 4, January/3/2022/6:42, 6
org.jfree.data.time.DateRangeTest, 34, 60, 0.6382978723404256, 32, 4, 4, 0, 8, 4, January/3/2022/6:42, 6
org.jfree.chart.axis.QuarterDateFormatTest, 41, 71, 0.6339285714285714, 39, 4, 4, 0, 9, 4, January/3/2022/6:42, 6
org.jfree.chart.axis.CategoryLabelPositionTest, 45, 87, 0.6590909090909091, 43, 3, 3, 0, 4, 3, January/3/2022/6:42, 9
org.jfree.chart.internal.ArgsTest, 14, 40, 0.7407407407407407, 12, 1, 1, 0, 2, 1, January/1/2022/2:44, 3
org.jfree.chart.axis.CategoryAnchorTest, 23, 54, 0.7012987012987013, 21, 3, 3, 0, 5, 3, January/3/2022/6:42, 6
org.jfree.chart.renderer.DefaultPolarItemRendererTest, 35, 59, 0.6276595744680851, 33, 4, 4, 0, 9, 4, January/3/2022/6:42, 7
org.jfree.chart.labels.ItemLabelAnchorTest, 11, 50, 0.819672131147541, 9, 2, 2, 0, 4, 2, January/3/2022/6:42, 6
org.jfree.chart.renderer.xy.VectorRendererTest, 36, 66, 0.6470588235294118, 34, 5, 5, 0, 10, 5, January/3/2022/6:42, 9
org.jfree.data.xy.YIntervalDataItemTest, 44, 68, 0.6071428571428571, 41, 4, 4, 0, 12, 4, January/3/2022/6:42, 8
org.jfree.chart.labels.IntervalCategoryToolTipGeneratorTest, 43, 88, 0.6717557251908397, 41, 6, 6, 0, 11, 6, January/3/2022/6:42, 9
org.jfree.chart.renderer.xy.WindItemRendererTest, 31, 63, 0.6702127659574468, 29, 5, 5, 0, 8, 5, January/3/2022/6:42, 8
org.jfree.chart.imagemap.ImageMapUtilsTest, 41, 66, 0.616822429906542, 39, 5, 5, 0, 7, 5, January/1/2022/2:44, 6
org.jfree.chart.imagemap.StandardURLTagFragmentGeneratorTest, 8, 52, 0.8666666666666667, 6, 1, 1, 0, 2, 1, January/1/2022/2:44, 3
org.jfree.chart.renderer.xy.DeviationStepRendererTest, 36, 64, 0.64, 34, 5, 5, 0, 10, 5, January/3/2022/6:42, 5
org.jfree.chart.text.format.HMSNumberFormatTest, 11, 42, 0.7924528301886793, 9, 1, 1, 0, 2, 1, January/1/2022/2:44, 2
org.jfree.chart.axis.TickUnitsTest, 24, 56, 0.7, 22, 3, 3, 0, 7, 3, January/3/2022/6:42, 7
org.jfree.chart.block.ColumnArrangementTest, 33, 67, 0.67, 31, 3, 3, 0, 4, 3, January/3/2022/6:42, 8
org.jfree.chart.labels.BoxAndWhiskerToolTipGeneratorTest, 38, 73, 0.6576576576576577, 36, 5, 5, 0, 9, 5, January/3/2022/6:42, 9
org.jfree.chart.urls.StandardCategoryURLGeneratorTest, 39, 67, 0.6320754716981132, 37, 4, 4, 0, 6, 4, January/3/2022/6:42, 8
org.jfree.chart.imagemap.DynamicDriveToolTipTagFragmentGeneratorTest, 7, 54, 0.8852459016393442, 5, 1, 1, 0, 2, 1, January/1/2022/2:44, 3
org.jfree.data.xy.VectorTest, 33, 59, 0.6413043478260869, 31, 4, 4, 0, 5, 4, January/3/2022/6:42, 6
org.jfree.chart.renderer.xy.DeviationRendererTest, 36, 64, 0.64, 34, 5, 5, 0, 10, 5, January/3/2022/6:42, 8
org.jfree.chart.plot.MeterIntervalTest, 21, 69, 0.7666666666666667, 19, 3, 3, 0, 4, 3, January/3/2022/6:42, 7
org.jfree.data.statistics.MeanAndStandardDeviationTest, 25, 54, 0.6835443037974683, 23, 3, 3, 0, 4, 3, January/3/2022/6:42, 6
org.jfree.chart.LegendItemCollectionTest, 32, 77, 0.7064220183486238, 30, 3, 3, 0, 10, 3, January/3/2022/6:42, 11
org.jfree.data.time.FixedMillisecondTest, 25, 62, 0.7126436781609196, 23, 4, 4, 0, 6, 4, January/3/2022/6:42, 6
org.jfree.chart.block.BlockBorderTest, 25, 68, 0.7311827956989247, 23, 3, 3, 0, 4, 3, January/3/2022/6:42, 11
org.jfree.chart.labels.StandardCategorySeriesLabelGeneratorTest, 44, 77, 0.6363636363636364, 42, 6, 6, 0, 12, 6, January/3/2022/6:42, 10
org.jfree.chart.renderer.xy.StandardXYBarPainterTest, 25, 62, 0.7126436781609196, 23, 4, 4, 0, 4, 4, January/3/2022/6:42, 8
org.jfree.chart.labels.SymbolicXYItemLabelGeneratorTest, 30, 66, 0.6875, 28, 5, 5, 0, 8, 5, January/3/2022/6:42, 9
org.jfree.chart.labels.IntervalCategoryItemLabelGeneratorTest, 38, 79, 0.6752136752136753, 36, 5, 5, 0, 10, 5, January/3/2022/6:42, 8
org.jfree.chart.title.ShortTextTitleTest, 31, 59, 0.6555555555555556, 29, 4, 4, 0, 9, 4, January/3/2022/6:42, 7
org.jfree.chart.annotations.XYDrawableAnnotationTest, 69, 108, 0.6101694915254238, 49, 5, 5, 0, 9, 5, January/3/2022/6:42, 9
